{
"lengthUnit": "mil",
"components": {
	"fields": ["COMPONENT_NO", "COMPONENT_NAME", "LAYER", "X_COORDINATE", "Y_COORDINATE", "ANGLE"],
	"rows": [
		[1, "C1", "T", 2565, -1535, 270],
		[2, "C2", "T", 2685, -1995, 180],
		[3, "C3", "T", 2690, -1540, 270],
		[4, "C4", "T", 2730, -1540, 270],
		[5, "C5", "T", 2605, -1535, 270],
		[6, "C6", "T", 2771.46, -1663.54, 180],
		[7, "C7", "T", 2770, -1805, 180],
		[8, "C8", "T", 2280, -1805, 0],
		[9, "C9", "T", 2595, -1995, 0],
		[10, "C10", "T", 2320, -1605, 270],
		[11, "C11", "T", 2480, -2110, 270],
		[12, "C12", "T", 2710, -2105, 90],
		[13, "C13", "T", 3065, -1520, 180],
		[14, "C14", "T", 3020, -1295, 0],
		[15, "C16", "T", 2680, -1315, 270],
		[16, "C17", "T", 2720, -1315, 270],
		[17, "F1", "T", 2970, -1520, 180],
		[18, "LDO1", "T", 3083.98, -1395, 270],
		[19, "PWR1", "T", 3130, -1240, 180],
		[20, "R1", "T", 2510, -1995, 180],
		[21, "R2", "T", 2855, -1320, 90],
		[22, "R3", "T", 2895, -1320, 90],
		[23, "U1", "T", 2530, -1765, 0],
		[24, "U2", "T", 2445, -1370, 270],
		[25, "X1", "T", 2600, -2085, 0],
		[26, "H2", "T", 2710, -1145, 0],
		[27, "H3", "T", 2160, -1695, 270],
		[28, "H4", "T", 3260, -1695, 270],
		[29, "H5", "T", 2710, -2245, 0],
		[30, "H6", "T", 3040, -1950, 314.913],
		[31, "R4", "T", 2745, -1920, 270]
	]
},
"pins": {
	"fields": ["PIN_NO", "PIN_NAME", "PIN_X", "PIN_Y", "LAYER", "PIN_TYPE", "NET_NAME", "NET_TYPE", "PAD_SHAPE", "PAD_SIZEX", "PAD_SIZEY", "HOLE_SIZE", "PAD_ANGLE"],
	"rows": [
		[1, "C1_2", 2565, -1556.46, "T", "SMD", "1V1", "", "R", 31.11, 21.26, 0, 270],
		[2, "C1_1", 2565, -1513.54, "T", "SMD", "GND", "GND", "R", 31.11, 21.26, 0, 270],
		[3, "C2_2", 2663.54, -1995, "T", "SMD", "1V1", "", "R", 31.11, 21.26, 0, 180],
		[4, "C2_1", 2706.46, -1995, "T", "SMD", "GND", "GND", "R", 31.11, 21.26, 0, 180],
		[5, "C3_2", 2690, -1561.46, "T", "SMD", "1V1", "", "R", 31.11, 21.26, 0, 270],
		[6, "C3_1", 2690, -1518.54, "T", "SMD", "GND", "GND", "R", 31.11, 21.26, 0, 270],
		[7, "C4_2", 2730, -1561.46, "T", "SMD", "3V3", "", "R", 31.11, 21.26, 0, 270],
		[8, "C4_1", 2730, -1518.54, "T", "SMD", "GND", "GND", "R", 31.11, 21.26, 0, 270],
		[9, "C5_2", 2605, -1556.46, "T", "SMD", "3V3", "", "R", 31.11, 21.26, 0, 270],
		[10, "C5_1", 2605, -1513.54, "T", "SMD", "GND", "GND", "R", 31.11, 21.26, 0, 270],
		[11, "C6_2", 2750, -1663.54, "T", "SMD", "3V3", "", "R", 31.11, 21.26, 0, 180],
		[12, "C6_1", 2792.92, -1663.54, "T", "SMD", "GND", "GND", "R", 31.11, 21.26, 0, 180],
		[13, "C7_2", 2748.54, -1805, "T", "SMD", "3V3", "", "R", 31.11, 21.26, 0, 180],
		[14, "C7_1", 2791.46, -1805, "T", "SMD", "GND", "GND", "R", 31.11, 21.26, 0, 180],
		[15, "C8_2", 2301.46, -1805, "T", "SMD", "3V3", "", "R", 31.11, 21.26, 0, 0],
		[16, "C8_1", 2258.54, -1805, "T", "SMD", "GND", "GND", "R", 31.11, 21.26, 0, 0],
		[17, "C9_2", 2616.46, -1995, "T", "SMD", "3V3", "", "R", 31.11, 21.26, 0, 0],
		[18, "C9_1", 2573.54, -1995, "T", "SMD", "GND", "GND", "R", 31.11, 21.26, 0, 0],
		[19, "C10_2", 2320, -1626.46, "T", "SMD", "3V3", "", "R", 31.11, 21.26, 0, 270],
		[20, "C10_1", 2320, -1583.54, "T", "SMD", "GND", "GND", "R", 31.11, 21.26, 0, 270],
		[21, "C11_2", 2480, -2131.46, "T", "SMD", "$1N2199", "", "R", 31.11, 21.26, 0, 270],
		[22, "C11_1", 2480, -2088.54, "T", "SMD", "GND", "GND", "R", 31.11, 21.26, 0, 270],
		[23, "C12_2", 2710, -2083.54, "T", "SMD", "$1N2391", "", "R", 31.11, 21.26, 0, 90],
		[24, "C12_1", 2710, -2126.46, "T", "SMD", "GND", "GND", "R", 31.11, 21.26, 0, 90],
		[25, "C13_2", 3043.54, -1520, "T", "SMD", "$1N3425", "", "R", 31.11, 21.26, 0, 180],
		[26, "C13_1", 3086.46, -1520, "T", "SMD", "GND", "GND", "R", 31.11, 21.26, 0, 180],
		[27, "C14_2", 3041.46, -1295, "T", "SMD", "3V3", "", "R", 31.11, 21.26, 0, 0],
		[28, "C14_1", 2998.54, -1295, "T", "SMD", "GND", "GND", "R", 31.11, 21.26, 0, 0],
		[29, "C16_2", 2680, -1336.46, "T", "SMD", "GND", "GND", "R", 31.11, 21.26, 0, 270],
		[30, "C16_1", 2680, -1293.54, "T", "SMD", "3V3", "", "R", 31.11, 21.26, 0, 270],
		[31, "C17_2", 2720, -1336.46, "T", "SMD", "GND", "GND", "R", 31.11, 21.26, 0, 270],
		[32, "C17_1", 2720, -1293.54, "T", "SMD", "3V3", "", "R", 31.11, 21.26, 0, 270],
		[33, "F1_1", 2987.72, -1520, "T", "SMD", "$1N3425", "", "R", 19.68, 31.5, 0, 180],
		[34, "F1_2", 2952.28, -1520, "T", "SMD", "VCC", "", "R", 19.68, 31.5, 0, 180],
		[35, "LDO1_5", 3046.58, -1343.81, "T", "SMD", "3V3", "", "R", 43.31, 23.62, 0, 270],
		[36, "LDO1_3", 3121.38, -1446.19, "T", "SMD", "$1N3425", "", "R", 43.31, 23.62, 0, 270],
		[37, "LDO1_2", 3083.98, -1446.19, "T", "SMD", "GND", "GND", "R", 43.31, 23.62, 0, 270],
		[38, "LDO1_1", 3046.58, -1446.19, "T", "SMD", "$1N3425", "", "R", 43.31, 23.62, 0, 270],
		[39, "PWR1_1", 3105.47, -1240, "T", "SMD", "GND", "GND", "R", 29.53, 23.62, 0, 180],
		[40, "PWR1_2", 3154.53, -1240, "T", "SMD", "3V3", "", "R", 29.53, 23.62, 0, 180],
		[41, "R1_2", 2492.96, -1995, "T", "SMD", "$1N2386", "", "R", 22.27, 21.26, 0, 180],
		[42, "R1_1", 2527.04, -1995, "T", "SMD", "$1N2391", "", "R", 22.27, 21.26, 0, 180],
		[43, "R2_2", 2855, -1302.96, "T", "SMD", "D+", "", "R", 22.27, 21.26, 0, 90],
		[44, "R2_1", 2855, -1337.04, "T", "SMD", "$1N3838", "", "R", 22.27, 21.26, 0, 90],
		[45, "R3_2", 2895, -1302.96, "T", "SMD", "D-", "", "R", 22.27, 21.26, 0, 90],
		[46, "R3_1", 2895, -1337.04, "T", "SMD", "$1N3897", "", "R", 22.27, 21.26, 0, 90],
		[47, "U1_1", 2390.23, -1662.63, "T", "SMD", "3V3", "", "R", 43.31, 7.87, 0, 0],
		[48, "U1_2", 2390.23, -1678.39, "T", "SMD", "0", "", "R", 43.31, 7.87, 0, 0],
		[49, "U1_3", 2390.23, -1694.13, "T", "SMD", "1", "", "R", 43.31, 7.87, 0, 0],
		[50, "U1_4", 2390.23, -1709.88, "T", "SMD", "2", "", "R", 43.31, 7.87, 0, 0],
		[51, "U1_5", 2390.23, -1725.63, "T", "SMD", "3", "", "R", 43.31, 7.87, 0, 0],
		[52, "U1_6", 2390.23, -1741.38, "T", "SMD", "4", "", "R", 43.31, 7.87, 0, 0],
		[53, "U1_7", 2390.23, -1757.13, "T", "SMD", "5", "", "R", 43.31, 7.87, 0, 0],
		[54, "U1_8", 2390.23, -1772.88, "T", "SMD", "6", "", "R", 43.31, 7.87, 0, 0],
		[55, "U1_9", 2390.23, -1788.63, "T", "SMD", "7", "", "R", 43.31, 7.87, 0, 0],
		[56, "U1_10", 2390.23, -1804.37, "T", "SMD", "3V3", "", "R", 43.31, 7.87, 0, 0],
		[57, "U1_11", 2390.23, -1820.12, "T", "SMD", "8", "", "R", 43.31, 7.87, 0, 0],
		[58, "U1_12", 2390.23, -1835.87, "T", "SMD", "9", "", "R", 43.31, 7.87, 0, 0],
		[59, "U1_13", 2390.23, -1851.61, "T", "SMD", "10", "", "R", 43.31, 7.87, 0, 0],
		[60, "U1_14", 2390.23, -1867.37, "T", "SMD", "11", "", "R", 43.31, 7.87, 0, 0],
		[61, "U1_15", 2427.64, -1904.76, "T", "SMD", "12", "", "R", 43.31, 7.87, 0, 90],
		[62, "U1_16", 2443.38, -1904.76, "T", "SMD", "13", "", "R", 43.31, 7.87, 0, 90],
		[63, "U1_17", 2459.13, -1904.76, "T", "SMD", "14", "", "R", 43.31, 7.87, 0, 90],
		[64, "U1_18", 2474.88, -1904.76, "T", "SMD", "15", "", "R", 43.31, 7.87, 0, 90],
		[65, "U1_19", 2490.63, -1904.76, "T", "SMD", "GND", "GND", "R", 43.31, 7.87, 0, 90],
		[66, "U1_20", 2506.38, -1904.76, "T", "SMD", "$1N2199", "", "R", 43.31, 7.87, 0, 90],
		[67, "U1_21", 2522.12, -1904.76, "T", "SMD", "$1N2386", "", "R", 43.31, 7.87, 0, 90],
		[68, "U1_22", 2537.87, -1904.76, "T", "SMD", "3V3", "", "R", 43.31, 7.87, 0, 90],
		[69, "U1_23", 2553.62, -1904.76, "T", "SMD", "1V1", "", "R", 43.31, 7.87, 0, 90],
		[70, "U1_24", 2569.37, -1904.76, "T", "SMD", "SWCLK", "", "R", 43.31, 7.87, 0, 90],
		[71, "U1_25", 2585.12, -1904.76, "T", "SMD", "SWDIO", "", "R", 43.31, 7.87, 0, 90],
		[72, "U1_26", 2600.86, -1904.76, "T", "SMD", "RUN", "", "R", 43.31, 7.87, 0, 90],
		[73, "U1_27", 2616.61, -1904.76, "T", "SMD", "16", "", "R", 43.31, 7.87, 0, 90],
		[74, "U1_28", 2632.36, -1904.76, "T", "SMD", "17", "", "R", 43.31, 7.87, 0, 90],
		[75, "U1_29", 2669.77, -1867.37, "T", "SMD", "18", "", "R", 43.31, 7.87, 0, 180],
		[76, "U1_30", 2669.77, -1851.61, "T", "SMD", "19", "", "R", 43.31, 7.87, 0, 180],
		[77, "U1_31", 2669.77, -1835.87, "T", "SMD", "20", "", "R", 43.31, 7.87, 0, 180],
		[78, "U1_32", 2669.77, -1820.12, "T", "SMD", "21", "", "R", 43.31, 7.87, 0, 180],
		[79, "U1_33", 2669.77, -1804.37, "T", "SMD", "3V3", "", "R", 43.31, 7.87, 0, 180],
		[80, "U1_34", 2669.77, -1788.63, "T", "SMD", "22", "", "R", 43.31, 7.87, 0, 180],
		[81, "U1_35", 2669.77, -1772.88, "T", "SMD", "23", "", "R", 43.31, 7.87, 0, 180],
		[82, "U1_36", 2669.77, -1757.13, "T", "SMD", "24", "", "R", 43.31, 7.87, 0, 180],
		[83, "U1_37", 2669.77, -1741.38, "T", "SMD", "25", "", "R", 43.31, 7.87, 0, 180],
		[84, "U1_38", 2669.77, -1725.63, "T", "SMD", "26", "", "R", 43.31, 7.87, 0, 180],
		[85, "U1_39", 2669.77, -1709.88, "T", "SMD", "27", "", "R", 43.31, 7.87, 0, 180],
		[86, "U1_40", 2669.77, -1694.13, "T", "SMD", "28", "", "R", 43.31, 7.87, 0, 180],
		[87, "U1_41", 2669.77, -1678.39, "T", "SMD", "29", "", "R", 43.31, 7.87, 0, 180],
		[88, "U1_42", 2669.77, -1662.63, "T", "SMD", "3V3", "", "R", 43.31, 7.87, 0, 180],
		[89, "U1_43", 2632.36, -1625.24, "T", "SMD", "VREF", "", "R", 43.31, 7.87, 0, 270],
		[90, "U1_44", 2616.61, -1625.24, "T", "SMD", "3V3", "", "R", 43.31, 7.87, 0, 270],
		[91, "U1_45", 2600.86, -1625.24, "T", "SMD", "1V1", "", "R", 43.31, 7.87, 0, 270],
		[92, "U1_46", 2585.12, -1625.24, "T", "SMD", "$1N3897", "", "R", 43.31, 7.87, 0, 270],
		[93, "U1_47", 2569.37, -1625.24, "T", "SMD", "$1N3838", "", "R", 43.31, 7.87, 0, 270],
		[94, "U1_48", 2553.62, -1625.24, "T", "SMD", "3V3", "", "R", 43.31, 7.87, 0, 270],
		[95, "U1_49", 2537.87, -1625.24, "T", "SMD", "3V3", "", "R", 43.31, 7.87, 0, 270],
		[96, "U1_50", 2522.12, -1625.24, "T", "SMD", "1V1", "", "R", 43.31, 7.87, 0, 270],
		[97, "U1_51", 2506.38, -1625.24, "T", "SMD", "SD3", "", "R", 43.31, 7.87, 0, 270],
		[98, "U1_52", 2490.63, -1625.24, "T", "SMD", "SCLK", "", "R", 43.31, 7.87, 0, 270],
		[99, "U1_53", 2474.88, -1625.24, "T", "SMD", "SD0", "", "R", 43.31, 7.87, 0, 270],
		[100, "U1_54", 2459.13, -1625.24, "T", "SMD", "SD2", "", "R", 43.31, 7.87, 0, 270],
		[101, "U1_55", 2443.38, -1625.24, "T", "SMD", "SD1", "", "R", 43.31, 7.87, 0, 270],
		[102, "U1_56", 2427.64, -1625.24, "T", "SMD", "BOOT", "", "R", 43.31, 7.87, 0, 270],
		[103, "U1_57", 2530, -1765, "T", "SMD", "GND", "GND", "R", 122.05, 122.05, 0, 0],
		[104, "U2_1", 2306.02, -1295, "T", "SMD", "BOOT", "", "O", 24.8, 88.58, 0, 270],
		[105, "U2_2", 2306.02, -1345, "T", "SMD", "SD1", "", "O", 24.8, 88.58, 0, 270],
		[106, "U2_3", 2306.02, -1395, "T", "SMD", "SD2", "", "O", 24.8, 88.58, 0, 270],
		[107, "U2_4", 2306.02, -1445, "T", "SMD", "GND", "GND", "O", 24.8, 88.58, 0, 270],
		[108, "U2_8", 2583.98, -1295, "T", "SMD", "3V3", "", "O", 24.8, 88.58, 0, 270],
		[109, "U2_7", 2583.98, -1345, "T", "SMD", "SD3", "", "O", 24.8, 88.58, 0, 270],
		[110, "U2_6", 2583.98, -1395, "T", "SMD", "SCLK", "", "O", 24.8, 88.58, 0, 270],
		[111, "U2_5", 2583.98, -1445, "T", "SMD", "SD0", "", "O", 24.8, 88.58, 0, 270],
		[112, "X1_1", 2556.69, -2118.47, "T", "SMD", "$1N2199", "", "R", 55.12, 47.24, 0, 0],
		[113, "X1_2", 2643.31, -2118.47, "T", "SMD", "GND", "GND", "R", 55.12, 47.24, 0, 0],
		[114, "X1_3", 2643.31, -2051.53, "T", "SMD", "$1N2391", "", "R", 55.12, 47.24, 0, 0],
		[115, "X1_4", 2556.69, -2051.53, "T", "SMD", "GND", "GND", "R", 55.12, 47.24, 0, 0],
		[116, "H2_10", 3160, -1145, "T", "DIP", "VREF", "", "C", 66.93, 66.93, 43.31, 0],
		[117, "H2_10", 3160, -1145, "B", "DIP", "VREF", "", "C", 66.93, 66.93, 43.31, 0],
		[118, "H2_9", 3060, -1145, "T", "DIP", "3V3", "", "C", 66.93, 66.93, 43.31, 0],
		[119, "H2_9", 3060, -1145, "B", "DIP", "3V3", "", "C", 66.93, 66.93, 43.31, 0],
		[120, "H2_8", 2960, -1145, "T", "DIP", "RUN", "", "C", 66.93, 66.93, 43.31, 0],
		[121, "H2_8", 2960, -1145, "B", "DIP", "RUN", "", "C", 66.93, 66.93, 43.31, 0],
		[122, "H2_7", 2860, -1145, "T", "DIP", "BOOT", "", "C", 66.93, 66.93, 43.31, 0],
		[123, "H2_7", 2860, -1145, "B", "DIP", "BOOT", "", "C", 66.93, 66.93, 43.31, 0],
		[124, "H2_6", 2760, -1145, "T", "DIP", "D-", "", "C", 66.93, 66.93, 43.31, 0],
		[125, "H2_6", 2760, -1145, "B", "DIP", "D-", "", "C", 66.93, 66.93, 43.31, 0],
		[126, "H2_5", 2660, -1145, "T", "DIP", "D+", "", "C", 66.93, 66.93, 43.31, 0],
		[127, "H2_5", 2660, -1145, "B", "DIP", "D+", "", "C", 66.93, 66.93, 43.31, 0],
		[128, "H2_4", 2560, -1145, "T", "DIP", "VCC", "", "C", 66.93, 66.93, 43.31, 0],
		[129, "H2_4", 2560, -1145, "B", "DIP", "VCC", "", "C", 66.93, 66.93, 43.31, 0],
		[130, "H2_3", 2460, -1145, "T", "DIP", "SWDIO", "", "C", 66.93, 66.93, 43.31, 0],
		[131, "H2_3", 2460, -1145, "B", "DIP", "SWDIO", "", "C", 66.93, 66.93, 43.31, 0],
		[132, "H2_2", 2360, -1145, "T", "DIP", "SWCLK", "", "C", 66.93, 66.93, 43.31, 0],
		[133, "H2_2", 2360, -1145, "B", "DIP", "SWCLK", "", "C", 66.93, 66.93, 43.31, 0],
		[134, "H2_1", 2260, -1145, "T", "DIP", "GND", "GND", "R", 62, 66.93, 43.31, 0],
		[135, "H2_1", 2260, -1145, "B", "DIP", "GND", "GND", "R", 62, 66.93, 43.31, 0],
		[136, "H3_10", 2160, -2145, "T", "DIP", "9", "", "C", 66.93, 66.93, 43.31, 270],
		[137, "H3_10", 2160, -2145, "B", "DIP", "9", "", "C", 66.93, 66.93, 43.31, 270],
		[138, "H3_9", 2160, -2045, "T", "DIP", "8", "", "C", 66.93, 66.93, 43.31, 270],
		[139, "H3_9", 2160, -2045, "B", "DIP", "8", "", "C", 66.93, 66.93, 43.31, 270],
		[140, "H3_8", 2160, -1945, "T", "DIP", "7", "", "C", 66.93, 66.93, 43.31, 270],
		[141, "H3_8", 2160, -1945, "B", "DIP", "7", "", "C", 66.93, 66.93, 43.31, 270],
		[142, "H3_7", 2160, -1845, "T", "DIP", "6", "", "C", 66.93, 66.93, 43.31, 270],
		[143, "H3_7", 2160, -1845, "B", "DIP", "6", "", "C", 66.93, 66.93, 43.31, 270],
		[144, "H3_6", 2160, -1745, "T", "DIP", "5", "", "C", 66.93, 66.93, 43.31, 270],
		[145, "H3_6", 2160, -1745, "B", "DIP", "5", "", "C", 66.93, 66.93, 43.31, 270],
		[146, "H3_5", 2160, -1645, "T", "DIP", "4", "", "C", 66.93, 66.93, 43.31, 270],
		[147, "H3_5", 2160, -1645, "B", "DIP", "4", "", "C", 66.93, 66.93, 43.31, 270],
		[148, "H3_4", 2160, -1545, "T", "DIP", "3", "", "C", 66.93, 66.93, 43.31, 270],
		[149, "H3_4", 2160, -1545, "B", "DIP", "3", "", "C", 66.93, 66.93, 43.31, 270],
		[150, "H3_3", 2160, -1445, "T", "DIP", "2", "", "C", 66.93, 66.93, 43.31, 270],
		[151, "H3_3", 2160, -1445, "B", "DIP", "2", "", "C", 66.93, 66.93, 43.31, 270],
		[152, "H3_2", 2160, -1345, "T", "DIP", "1", "", "C", 66.93, 66.93, 43.31, 270],
		[153, "H3_2", 2160, -1345, "B", "DIP", "1", "", "C", 66.93, 66.93, 43.31, 270],
		[154, "H3_1", 2160, -1245, "T", "DIP", "0", "", "R", 62, 66.93, 43.31, 270],
		[155, "H3_1", 2160, -1245, "B", "DIP", "0", "", "R", 62, 66.93, 43.31, 270],
		[156, "H4_10", 3260, -2145, "T", "DIP", "20", "", "C", 66.93, 66.93, 43.31, 270],
		[157, "H4_10", 3260, -2145, "B", "DIP", "20", "", "C", 66.93, 66.93, 43.31, 270],
		[158, "H4_9", 3260, -2045, "T", "DIP", "21", "", "C", 66.93, 66.93, 43.31, 270],
		[159, "H4_9", 3260, -2045, "B", "DIP", "21", "", "C", 66.93, 66.93, 43.31, 270],
		[160, "H4_8", 3260, -1945, "T", "DIP", "22", "", "C", 66.93, 66.93, 43.31, 270],
		[161, "H4_8", 3260, -1945, "B", "DIP", "22", "", "C", 66.93, 66.93, 43.31, 270],
		[162, "H4_7", 3260, -1845, "T", "DIP", "23", "", "C", 66.93, 66.93, 43.31, 270],
		[163, "H4_7", 3260, -1845, "B", "DIP", "23", "", "C", 66.93, 66.93, 43.31, 270],
		[164, "H4_6", 3260, -1745, "T", "DIP", "24", "", "C", 66.93, 66.93, 43.31, 270],
		[165, "H4_6", 3260, -1745, "B", "DIP", "24", "", "C", 66.93, 66.93, 43.31, 270],
		[166, "H4_5", 3260, -1645, "T", "DIP", "25", "", "C", 66.93, 66.93, 43.31, 270],
		[167, "H4_5", 3260, -1645, "B", "DIP", "25", "", "C", 66.93, 66.93, 43.31, 270],
		[168, "H4_4", 3260, -1545, "T", "DIP", "26", "", "C", 66.93, 66.93, 43.31, 270],
		[169, "H4_4", 3260, -1545, "B", "DIP", "26", "", "C", 66.93, 66.93, 43.31, 270],
		[170, "H4_3", 3260, -1445, "T", "DIP", "27", "", "C", 66.93, 66.93, 43.31, 270],
		[171, "H4_3", 3260, -1445, "B", "DIP", "27", "", "C", 66.93, 66.93, 43.31, 270],
		[172, "H4_2", 3260, -1345, "T", "DIP", "28", "", "C", 66.93, 66.93, 43.31, 270],
		[173, "H4_2", 3260, -1345, "B", "DIP", "28", "", "C", 66.93, 66.93, 43.31, 270],
		[174, "H4_1", 3260, -1245, "T", "DIP", "29", "", "R", 62, 66.93, 43.31, 270],
		[175, "H4_1", 3260, -1245, "B", "DIP", "29", "", "R", 62, 66.93, 43.31, 270],
		[176, "H5_10", 3160, -2245, "T", "DIP", "19", "", "C", 66.93, 66.93, 43.31, 0],
		[177, "H5_10", 3160, -2245, "B", "DIP", "19", "", "C", 66.93, 66.93, 43.31, 0],
		[178, "H5_9", 3060, -2245, "T", "DIP", "18", "", "C", 66.93, 66.93, 43.31, 0],
		[179, "H5_9", 3060, -2245, "B", "DIP", "18", "", "C", 66.93, 66.93, 43.31, 0],
		[180, "H5_8", 2960, -2245, "T", "DIP", "17", "", "C", 66.93, 66.93, 43.31, 0],
		[181, "H5_8", 2960, -2245, "B", "DIP", "17", "", "C", 66.93, 66.93, 43.31, 0],
		[182, "H5_7", 2860, -2245, "T", "DIP", "16", "", "C", 66.93, 66.93, 43.31, 0],
		[183, "H5_7", 2860, -2245, "B", "DIP", "16", "", "C", 66.93, 66.93, 43.31, 0],
		[184, "H5_6", 2760, -2245, "T", "DIP", "15", "", "C", 66.93, 66.93, 43.31, 0],
		[185, "H5_6", 2760, -2245, "B", "DIP", "15", "", "C", 66.93, 66.93, 43.31, 0],
		[186, "H5_5", 2660, -2245, "T", "DIP", "14", "", "C", 66.93, 66.93, 43.31, 0],
		[187, "H5_5", 2660, -2245, "B", "DIP", "14", "", "C", 66.93, 66.93, 43.31, 0],
		[188, "H5_4", 2560, -2245, "T", "DIP", "13", "", "C", 66.93, 66.93, 43.31, 0],
		[189, "H5_4", 2560, -2245, "B", "DIP", "13", "", "C", 66.93, 66.93, 43.31, 0],
		[190, "H5_3", 2460, -2245, "T", "DIP", "12", "", "C", 66.93, 66.93, 43.31, 0],
		[191, "H5_3", 2460, -2245, "B", "DIP", "12", "", "C", 66.93, 66.93, 43.31, 0],
		[192, "H5_2", 2360, -2245, "T", "DIP", "11", "", "C", 66.93, 66.93, 43.31, 0],
		[193, "H5_2", 2360, -2245, "B", "DIP", "11", "", "C", 66.93, 66.93, 43.31, 0],
		[194, "H5_1", 2260, -2245, "T", "DIP", "10", "", "R", 62, 66.93, 43.31, 0],
		[195, "H5_1", 2260, -2245, "B", "DIP", "10", "", "R", 62, 66.93, 43.31, 0],
		[196, "H6_1", 2969.4, -1879.18, "T", "DIP", "GND", "GND", "R", 66.93, 66.93, 43.31, 314.913],
		[197, "H6_1", 2969.4, -1879.18, "B", "DIP", "GND", "GND", "R", 66.93, 66.93, 43.31, 314.913],
		[198, "H6_2", 3040, -1950, "T", "DIP", "SWCLK", "", "C", 66.93, 66.93, 43.31, 314.913],
		[199, "H6_2", 3040, -1950, "B", "DIP", "SWCLK", "", "C", 66.93, 66.93, 43.31, 314.913],
		[200, "H6_3", 3110.6, -2020.82, "T", "DIP", "SWDIO", "", "C", 66.93, 66.93, 43.31, 314.913],
		[201, "H6_3", 3110.6, -2020.82, "B", "DIP", "SWDIO", "", "C", 66.93, 66.93, 43.31, 314.913],
		[202, "R4_2", 2745, -1937.04, "T", "SMD", "RUN", "", "R", 22.27, 21.26, 0, 270],
		[203, "R4_1", 2745, -1902.96, "T", "SMD", "3V3", "", "R", 22.27, 21.26, 0, 270]
	]
}
}